ID,Name,Email,Phone,CardID,ClearanceLevel,Type,Password
ADMIN,Admin User,admin@company.com,0712345678,CARD_ADMIN,3,ADMIN,Admin@123
SOF,Sofia Thomas,sofia.thomas@company.com,0744315907,CARD1,0,USER
SKY,Skylar White,skylar.white@company.com,0746862095,CARD2,1,USER
SOP,Sophia Phillips,sophia.phillips@company.com,0777213221,CARD3,3,USER
SOP1,Sophia Evans,sophia.evans@company.com,0739769692,CARD4,0,USER
ETH,Ethan Thomas,ethan.thomas@company.com,0764410908,CARD5,3,USER
CHA,Charlotte Wright,charlotte.wright@company.com,0787329485,CARD6,1,USER
VIO,Violet Smith,violet.smith@company.com,0794635831,CARD7,1,USER
ISA,Isabella Allen,isabella.allen@company.com,0748304599,CARD8,3,USER
CLA,Claire Thomas,claire.thomas@company.com,0752251818,CARD9,3,USER
SOP2,Sophia Baker,sophia.baker@company.com,0749207121,CARD10,0,USER
SKY1,Skylar Young,skylar.young@company.com,0745395236,CARD11,0,USER
EMM,Emma Wilson,emma.wilson@company.com,0737679217,CARD12,0,USER
ELI,Elijah Wright,elijah.wright@company.com,0786196555,CARD13,0,USER
SCA,Scarlett Johnson,scarlett.johnson@company.com,0788960780,CARD14,2,USER
HUN,Hunter Smith,hunter.smith@company.com,0731338846,CARD15,1,USER
RIL,Riley Johnson,riley.johnson@company.com,0746520783,CARD16,1,USER
EVE,Evelyn Parker,evelyn.parker@company.com,0776776016,CARD17,3,USER
ALI,Alice Allen,alice.allen@company.com,0761073623,CARD18,3,USER
ANT,Anthony Kelly,anthony.kelly@company.com,0743571393,CARD19,2,USER
LIL,Lily Brown,lily.brown@company.com,0768002199,CARD20,0,USER
JAM,James Campbell,james.campbell@company.com,0769448588,CARD21,0,USER
MAT,Mateo Phillips,mateo.phillips@company.com,0735416577,CARD22,3,USER
SAM,Samuel Evans,samuel.evans@company.com,0767391600,CARD23,2,USER
COR,Cora Hall,cora.hall@company.com,0743753656,CARD24,0,USER
DAN,Daniel Collins,daniel.collins@company.com,0785049548,CARD25,1,USER
LUK,Luke Rodriguez,luke.rodriguez@company.com,0769404229,CARD26,1,USER
ELI1,Elijah Edwards,elijah.edwards@company.com,0775836863,CARD27,1,USER
ISA1,Isaac Scott,isaac.scott@company.com,0758878601,CARD28,1,USER
BEN,Benjamin Rodriguez,benjamin.rodriguez@company.com,0765764781,CARD29,0,USER
JAM1,James Hill,james.hill@company.com,0765632930,CARD30,1,USER
HAR,Harper Adams,harper.adams@company.com,0752765265,CARD31,0,USER
WYA,Wyatt Smith,wyatt.smith@company.com,0734860160,CARD32,3,USER
GRA,Grayson Edwards,grayson.edwards@company.com,0749391502,CARD33,1,USER
MIA,Mia Wilson,mia.wilson@company.com,0717027511,CARD34,2,USER
GRA1,Grace Wilson,grace.wilson@company.com,0735752960,CARD35,3,USER
PEN,Penelope Lewis,penelope.lewis@company.com,0734817108,CARD36,3,USER
CHA1,Charles Allen,charles.allen@company.com,0717166823,CARD37,2,USER
ISA2,Isabella Parker,isabella.parker@company.com,0769884450,CARD38,1,USER
CHA2,Charlotte Evans,charlotte.evans@company.com,0748009350,CARD39,2,USER
SEB,Sebastian Lewis,sebastian.lewis@company.com,0799393496,CARD40,0,USER
THO,Thomas Lee,thomas.lee@company.com,0762341990,CARD41,3,USER
ELL,Ella Green,ella.green@company.com,0727173696,CARD42,3,USER
JOS,Josiah Jones,josiah.jones@company.com,0741882528,CARD43,0,USER
LUC,Lucy Martinez,lucy.martinez@company.com,0736441923,CARD44,1,USER
EZR,Ezra King,ezra.king@company.com,0781637296,CARD45,0,USER
JAX,Jaxon King,jaxon.king@company.com,0769216532,CARD46,0,USER
AUR,Aurora Rodriguez,aurora.rodriguez@company.com,0772755463,CARD47,3,USER
CHL,Chloe Campbell,chloe.campbell@company.com,0756461076,CARD48,1,USER
SEB1,Sebastian Miller,sebastian.miller@company.com,0716807322,CARD49,0,USER
JOS1,Josiah Anderson,josiah.anderson@company.com,0720321660,CARD50,1,USER
CHL1,Chloe Lewis,chloe.lewis@company.com,0725998173,CARD51,0,USER
BEN1,Benjamin Roberts,benjamin.roberts@company.com,0799944568,CARD52,1,USER
GRA2,Grace Kelly,grace.kelly@company.com,0793809097,CARD53,2,USER
ELI2,Elijah Garcia,elijah.garcia@company.com,0719432215,CARD54,2,USER
ALE,Alexander Allen,alexander.allen@company.com,0714872696,CARD55,3,USER
JAX1,Jaxon Kelly,jaxon.kelly@company.com,0729683156,CARD56,3,USER
LUC1,Lucy Campbell,lucy.campbell@company.com,0710284985,CARD57,1,USER
WIL,William Parker,william.parker@company.com,0792756049,CARD58,0,USER
NOA,Noah Turner,noah.turner@company.com,0784848453,CARD59,2,USER
HEN,Henry Green,henry.green@company.com,0766621051,CARD60,2,USER
GRA3,Grayson Scott,grayson.scott@company.com,0768590481,CARD61,1,USER
AVE,Avery Young,avery.young@company.com,0769517581,CARD62,2,USER
CAM,Camila Lopez,camila.lopez@company.com,0729693303,CARD63,1,USER
JOH,John Hall,john.hall@company.com,0714083858,CARD64,0,USER
MAD,Madison Kelly,madison.kelly@company.com,0747721524,CARD65,0,USER
PEN1,Penelope Taylor,penelope.taylor@company.com,0728863904,CARD66,3,USER
MIC,Michael Baker,michael.baker@company.com,0793211177,CARD67,3,USER
COR1,Cora Davis,cora.davis@company.com,0748513818,CARD68,1,USER
MAD1,Madison Williams,madison.williams@company.com,0747433005,CARD69,1,USER
CAL,Caleb Hall,caleb.hall@company.com,0753741983,CARD70,2,USER
THO1,Thomas Wright,thomas.wright@company.com,0766265610,CARD71,0,USER
AND,Andrew Smith,andrew.smith@company.com,0787776137,CARD72,0,USER
JOS2,Josiah Mitchell,josiah.mitchell@company.com,0713704750,CARD73,1,USER
ALE1,Alexander Green,alexander.green@company.com,0745972753,CARD74,2,USER
BEN2,Benjamin Scott,benjamin.scott@company.com,0756830090,CARD75,3,USER
GRA4,Grayson Scott,grayson.scott@company.com,0794481488,CARD76,2,USER
ALI1,Alice Green,alice.green@company.com,0758458713,CARD77,2,USER
JAM2,James Campbell,james.campbell@company.com,0726707296,CARD78,3,USER
EZR1,Ezra Harris,ezra.harris@company.com,0748509365,CARD79,1,USER
OLI,Olivia Young,olivia.young@company.com,0760938082,CARD80,3,USER
AND1,Andrew Turner,andrew.turner@company.com,0742888601,CARD81,3,USER
AID,Aiden Collins,aiden.collins@company.com,0716364339,CARD82,0,USER
VIO1,Violet Miller,violet.miller@company.com,0769362953,CARD83,2,USER
WYA1,Wyatt Martin,wyatt.martin@company.com,0738110688,CARD84,2,USER
LEV,Levi Lopez,levi.lopez@company.com,0783620054,CARD85,0,USER
LEA,Leah Hill,leah.hill@company.com,0736449445,CARD86,1,USER
OWE,Owen Nelson,owen.nelson@company.com,0772384392,CARD87,2,USER
CHL2,Chloe Turner,chloe.turner@company.com,0766768280,CARD88,1,USER
ISA3,Isabella Lopez,isabella.lopez@company.com,0797028707,CARD89,2,USER
HEN1,Henry Lewis,henry.lewis@company.com,0717269896,CARD90,0,USER
AVE1,Avery Taylor,avery.taylor@company.com,0727501936,CARD91,2,USER
ETH1,Ethan Wright,ethan.wright@company.com,0739417311,CARD92,1,USER
AAR,Aaron Adams,aaron.adams@company.com,0785051169,CARD93,1,USER
LEA1,Leah Scott,leah.scott@company.com,0717878738,CARD94,3,USER
BEN3,Benjamin Turner,benjamin.turner@company.com,0777783696,CARD95,0,USER
BEN4,Benjamin Parker,benjamin.parker@company.com,0773226245,CARD96,3,USER
LOG,Logan Parker,logan.parker@company.com,0750261258,CARD97,3,USER
ELE,Elena Baker,elena.baker@company.com,0740830384,CARD98,2,USER
CHR,Christian Phillips,christian.phillips@company.com,0731704511,CARD99,0,USER
JAC,Jack Green,jack.green@company.com,0786984071,CARD100,1,USER
SKY2,Skylar Lopez,skylar.lopez@company.com,0783918298,CARD101,2,USER
CAR,Carl Thomas,carl.thomas@company.com,0732918491,CARD102,3,USER
JAC1,Jacob Lewis,jacob.lewis@company.com,0790039482,CARD103,1,USER
OLI1,Olivia Martin,olivia.martin@company.com,0731300949,CARD104,1,USER
WIL1,William Stewart,william.stewart@company.com,0768948256,CARD105,1,USER
VIC,Victoria Edwards,victoria.edwards@company.com,0781584277,CARD106,1,USER
ALI2,Alice Miller,alice.miller@company.com,0723751500,CARD107,3,USER
STE,Stella Davis,stella.davis@company.com,0752274990,CARD108,3,USER
EZR2,Ezra Williams,ezra.williams@company.com,0744250012,CARD109,2,USER
ELL1,Ella Nelson,ella.nelson@company.com,0758416674,CARD110,0,USER
HUN1,Hunter Turner,hunter.turner@company.com,0760945697,CARD111,1,USER
AME,Amelia Jackson,amelia.jackson@company.com,0778168291,CARD112,1,USER
ALE2,Alexander Martinez,alexander.martinez@company.com,0743156050,CARD113,1,USER
CHR1,Christian Lee,christian.lee@company.com,0714737002,CARD114,3,USER
LOG1,Logan Campbell,logan.campbell@company.com,0724680030,CARD115,1,USER
RUB,Ruby Young,ruby.young@company.com,0778394366,CARD116,2,USER
CHA3,Charles Parker,charles.parker@company.com,0775814084,CARD117,2,USER
CHA4,Charles Lopez,charles.lopez@company.com,0790091352,CARD118,0,USER
ABI,Abigail Parker,abigail.parker@company.com,0765209881,CARD119,0,USER
CHA5,Charles Hernandez,charles.hernandez@company.com,0793567358,CARD120,2,USER
JOS3,Joseph Clark,joseph.clark@company.com,0769200378,CARD121,2,USER
AVE2,Avery Sanchez,avery.sanchez@company.com,0745152839,CARD122,0,USER
ETH2,Ethan Garcia,ethan.garcia@company.com,0736935088,CARD123,1,USER
CHL3,Chloe Kelly,chloe.kelly@company.com,0792393588,CARD124,2,USER
ISA4,Isabella Kelly,isabella.kelly@company.com,0719633575,CARD125,1,USER
ELL2,Ella Martinez,ella.martinez@company.com,0751295794,CARD126,0,USER
CHA6,Charlotte Edwards,charlotte.edwards@company.com,0715415652,CARD127,2,USER
JAY,Jayden Scott,jayden.scott@company.com,0720342733,CARD128,0,USER
RUB1,Ruby Moore,ruby.moore@company.com,0712622974,CARD129,3,USER
EMI,Emily Carter,emily.carter@company.com,0734934304,CARD130,0,USER
MAY,Maya Harris,maya.harris@company.com,0747617081,CARD131,0,USER
BEN5,Benjamin Wright,benjamin.wright@company.com,0778066529,CARD132,2,USER
HAN,Hannah Garcia,hannah.garcia@company.com,0719875698,CARD133,0,USER
RIL1,Riley Jones,riley.jones@company.com,0716071673,CARD134,1,USER
CHA7,Charles Phillips,charles.phillips@company.com,0743056725,CARD135,0,USER
ISA5,Isaac Anderson,isaac.anderson@company.com,0755935583,CARD136,1,USER
IVY,Ivy Phillips,ivy.phillips@company.com,0756156212,CARD137,0,USER
AVE3,Avery Nelson,avery.nelson@company.com,0773022824,CARD138,1,USER
WIL2,Willow Moore,willow.moore@company.com,0738537596,CARD139,1,USER
DAV,David Kelly,david.kelly@company.com,0725172382,CARD140,3,USER
EMI1,Emily Anderson,emily.anderson@company.com,0748020615,CARD141,0,USER
SOP3,Sophia White,sophia.white@company.com,0737821966,CARD142,0,USER
JER,Jeremiah Garcia,jeremiah.garcia@company.com,0723569964,CARD143,0,USER
EZR3,Ezra Wilson,ezra.wilson@company.com,0788285458,CARD144,3,USER
AVE4,Avery Wright,avery.wright@company.com,0760234814,CARD145,2,USER
JAM3,James Phillips,james.phillips@company.com,0777603187,CARD146,2,USER
MIC1,Michael Hall,michael.hall@company.com,0745041390,CARD147,1,USER
ABI1,Abigail Allen,abigail.allen@company.com,0741975237,CARD148,2,USER
ANN,Anna Hill,anna.hill@company.com,0791088987,CARD149,0,USER
EVE1,Evelyn Carter,evelyn.carter@company.com,0771216802,CARD150,3,USER
JAX2,Jaxon Harris,jaxon.harris@company.com,0724131187,CARD151,0,USER
LAY,Layla Taylor,layla.taylor@company.com,0728144885,CARD152,1,USER
EMI2,Emily Turner,emily.turner@company.com,0733764663,CARD153,1,USER
GRA5,Grace Hernandez,grace.hernandez@company.com,0787318522,CARD154,1,USER
OLI2,Olivia Mitchell,olivia.mitchell@company.com,0766134803,CARD155,2,USER
CHR2,Christian Hall,christian.hall@company.com,0763201719,CARD156,1,USER
SEB2,Sebastian Wright,sebastian.wright@company.com,0777883891,CARD157,2,USER
CAL1,Caleb Lopez,caleb.lopez@company.com,0725054031,CARD158,1,USER
NAO,Naomi Thomas,naomi.thomas@company.com,0741144989,CARD159,2,USER
EZR4,Ezra Wilson,ezra.wilson@company.com,0753815778,CARD160,1,USER
LUC2,Lucy Rodriguez,lucy.rodriguez@company.com,0798100550,CARD161,2,USER
CHA8,Charles Clark,charles.clark@company.com,0721798698,CARD162,0,USER
STE1,Stella Mitchell,stella.mitchell@company.com,0719957537,CARD163,2,USER
MIC2,Michael Wright,michael.wright@company.com,0751994685,CARD164,3,USER
NOV,Nova Hernandez,nova.hernandez@company.com,0752048416,CARD165,2,USER
GAB,Gabriel Brown,gabriel.brown@company.com,0716116656,CARD166,0,USER
ELL3,Ella Lewis,ella.lewis@company.com,0773884802,CARD167,3,USER
MIA1,Mia Evans,mia.evans@company.com,0781269619,CARD168,0,USER
SKY3,Skylar Kelly,skylar.kelly@company.com,0721003837,CARD169,2,USER
NOR,Nora Baker,nora.baker@company.com,0779879705,CARD170,1,USER
THO2,Thomas Sanchez,thomas.sanchez@company.com,0789415888,CARD171,1,USER
AVA,Ava Jones,ava.jones@company.com,0720080756,CARD172,3,USER
HEN2,Henry Wright,henry.wright@company.com,0716627316,CARD173,3,USER
ELE1,Elena Lewis,elena.lewis@company.com,0797984209,CARD174,0,USER
JER1,Jeremiah Kelly,jeremiah.kelly@company.com,0728784448,CARD175,2,USER
ANT1,Anthony Nelson,anthony.nelson@company.com,0788229825,CARD176,1,USER
MAT1,Mateo Evans,mateo.evans@company.com,0712648181,CARD177,2,USER
ETH3,Ethan Phillips,ethan.phillips@company.com,0773676463,CARD178,0,USER
ELI3,Elizabeth Perez,elizabeth.perez@company.com,0739803192,CARD179,2,USER
HAN1,Hannah Roberts,hannah.roberts@company.com,0764109118,CARD180,2,USER
WIL3,Willow Nelson,willow.nelson@company.com,0779120832,CARD181,1,USER
LAY1,Layla Jackson,layla.jackson@company.com,0716881934,CARD182,1,USER
GRA6,Grayson Mitchell,grayson.mitchell@company.com,0718893677,CARD183,0,USER
JAX3,Jaxon Harris,jaxon.harris@company.com,0766320530,CARD184,2,USER
CAR1,Carter Miller,carter.miller@company.com,0738834904,CARD185,2,USER
JAC2,Jack Wright,jack.wright@company.com,0750295585,CARD186,2,USER
CAR2,Carter Baker,carter.baker@company.com,0766261295,CARD187,0,USER
ETH4,Ethan Jackson,ethan.jackson@company.com,0748599998,CARD188,1,USER
EZR5,Ezra Carter,ezra.carter@company.com,0778181925,CARD189,0,USER
ELI4,Elijah Jones,elijah.jones@company.com,0763291313,CARD190,2,USER
CHR3,Christian Martin,christian.martin@company.com,0775255635,CARD191,2,USER
OLI3,Oliver Roberts,oliver.roberts@company.com,0733477244,CARD192,2,USER
LUC3,Lucy Johnson,lucy.johnson@company.com,0721998609,CARD193,2,USER
NOR1,Nora Sanchez,nora.sanchez@company.com,0784621267,CARD194,0,USER
CHR4,Christian Allen,christian.allen@company.com,0744804000,CARD195,3,USER
VIC1,Victoria Roberts,victoria.roberts@company.com,0785408993,CARD196,3,USER
AVA1,Ava Davis,ava.davis@company.com,0779341583,CARD197,2,USER
AUR1,Aurora Moore,aurora.moore@company.com,0773148533,CARD198,3,USER
JOS4,Joseph Wilson,joseph.wilson@company.com,0782119300,CARD199,0,USER
RUB2,Ruby Garcia,ruby.garcia@company.com,0764600819,CARD200,1,USER
OLI4,Olivia Turner,olivia.turner@company.com,0790682260,CARD201,3,USER
GAB1,Gabriel Evans,gabriel.evans@company.com,0736798053,CARD202,3,USER
BEN6,Benjamin Smith,benjamin.smith@company.com,0793244286,CARD203,3,USER
LAY2,Layla Harris,layla.harris@company.com,0747717516,CARD204,0,USER
STE2,Stella Moore,stella.moore@company.com,0713415689,CARD205,1,USER
ELI5,Elijah Young,elijah.young@company.com,0793359547,CARD206,2,USER
NOR2,Nora Davis,nora.davis@company.com,0734914547,CARD207,2,USER
ALE3,Alexander Allen,alexander.allen@company.com,0784465535,CARD208,3,USER
JAC3,Jack Wright,jack.wright@company.com,0710085358,CARD209,2,USER
SKY4,Skylar Lee,skylar.lee@company.com,0777222921,CARD210,3,USER
LOG2,Logan Jackson,logan.jackson@company.com,0726915034,CARD211,3,USER
EZR6,Ezra Wilson,ezra.wilson@company.com,0789392460,CARD212,1,USER
JAC4,Jackson Sanchez,jackson.sanchez@company.com,0739440685,CARD213,1,USER
CAR3,Carl Jones,carl.jones@company.com,0716939145,CARD214,1,USER
AAR1,Aaron Campbell,aaron.campbell@company.com,0736996347,CARD215,1,USER
SAM1,Samuel Lee,samuel.lee@company.com,0760624581,CARD216,0,USER
IVY1,Ivy Martinez,ivy.martinez@company.com,0792764761,CARD217,2,USER
LUC4,Lucas Anderson,lucas.anderson@company.com,0768611118,CARD218,3,USER
JER2,Jeremiah Stewart,jeremiah.stewart@company.com,0729046855,CARD219,3,USER
WIL4,William Carter,william.carter@company.com,0798667350,CARD220,0,USER
CAR4,Carl Martinez,carl.martinez@company.com,0739860520,CARD221,2,USER
MAD2,Madison Miller,madison.miller@company.com,0712081501,CARD222,3,USER
HUN2,Hunter Campbell,hunter.campbell@company.com,0730822578,CARD223,2,USER
ELL4,Ella Martinez,ella.martinez@company.com,0774609953,CARD224,2,USER
LIL1,Lily Adams,lily.adams@company.com,0718533884,CARD225,3,USER
NOR3,Nora Smith,nora.smith@company.com,0746937905,CARD226,0,USER
SAM2,Samuel Parker,samuel.parker@company.com,0719268027,CARD227,2,USER
MAS,Mason Young,mason.young@company.com,0786478681,CARD228,2,USER
CAL2,Caleb Harris,caleb.harris@company.com,0724471054,CARD229,0,USER
OWE1,Owen Stewart,owen.stewart@company.com,0769919686,CARD230,3,USER
MAD3,Madison Jackson,madison.jackson@company.com,0776362898,CARD231,0,USER
SEB3,Sebastian Martinez,sebastian.martinez@company.com,0771325121,CARD232,2,USER
ALI3,Alice Stewart,alice.stewart@company.com,0793151264,CARD233,1,USER
CAR5,Carter Scott,carter.scott@company.com,0786405483,CARD234,2,USER
AUD,Audrey Lewis,audrey.lewis@company.com,0767083060,CARD235,3,USER
LUK1,Luke Adams,luke.adams@company.com,0764120110,CARD236,3,USER
VIC2,Victoria Smith,victoria.smith@company.com,0796041579,CARD237,1,USER
LOG3,Logan Perez,logan.perez@company.com,0752911773,CARD238,1,USER
MAS1,Mason Clark,mason.clark@company.com,0797598369,CARD239,2,USER
LUC5,Lucy King,lucy.king@company.com,0775690723,CARD240,3,USER
LAY3,Layla Allen,layla.allen@company.com,0731612598,CARD241,2,USER
SEB4,Sebastian Wilson,sebastian.wilson@company.com,0772980056,CARD242,1,USER
ANT2,Anthony Walker,anthony.walker@company.com,0744035154,CARD243,2,USER
CHL4,Chloe Wilson,chloe.wilson@company.com,0799364727,CARD244,0,USER
JAC5,Jackson Allen,jackson.allen@company.com,0781537629,CARD245,3,USER
ALE4,Alexander Nelson,alexander.nelson@company.com,0711521354,CARD246,3,USER
EMM1,Emma Rodriguez,emma.rodriguez@company.com,0793319575,CARD247,1,USER
AAR2,Aaron Johnson,aaron.johnson@company.com,0787009754,CARD248,2,USER
ELL5,Ella Lopez,ella.lopez@company.com,0732265222,CARD249,1,USER
RUB3,Ruby Lopez,ruby.lopez@company.com,0734783003,CARD250,0,USER
CON,Connor Miller,connor.miller@company.com,0728814425,CARD251,2,USER
JAC6,Jackson King,jackson.king@company.com,0753826515,CARD252,0,USER
SEB5,Sebastian Anderson,sebastian.anderson@company.com,0726850439,CARD253,2,USER
BEN7,Benjamin Anderson,benjamin.anderson@company.com,0768194557,CARD254,2,USER
SCA1,Scarlett Lewis,scarlett.lewis@company.com,0768044342,CARD255,3,USER
JAY1,Jayden Baker,jayden.baker@company.com,0780354846,CARD256,2,USER
LUC6,Lucy Collins,lucy.collins@company.com,0741137033,CARD257,3,USER
ARI,Aria Hernandez,aria.hernandez@company.com,0798814133,CARD258,0,USER
RUB4,Ruby Williams,ruby.williams@company.com,0783502253,CARD259,3,USER
EZR7,Ezra Mitchell,ezra.mitchell@company.com,0749438091,CARD260,0,USER
SKY5,Skylar Miller,skylar.miller@company.com,0776690770,CARD261,0,USER
JAX4,Jaxon Smith,jaxon.smith@company.com,0754542817,CARD262,0,USER
EMM2,Emma Hall,emma.hall@company.com,0760717236,CARD263,0,USER
RIL2,Riley Miller,riley.miller@company.com,0768618171,CARD264,1,USER
NAO1,Naomi Martin,naomi.martin@company.com,0766288343,CARD265,3,USER
HAN2,Hannah Taylor,hannah.taylor@company.com,0767765600,CARD266,0,USER
GAB2,Gabriel Taylor,gabriel.taylor@company.com,0744659174,CARD267,1,USER
CHL5,Chloe Lee,chloe.lee@company.com,0769913003,CARD268,2,USER
HUN3,Hunter Lewis,hunter.lewis@company.com,0779748217,CARD269,1,USER
SOP4,Sophia Martin,sophia.martin@company.com,0720416611,CARD270,3,USER
OLI5,Oliver Edwards,oliver.edwards@company.com,0727634637,CARD271,3,USER
CAR6,Carter Baker,carter.baker@company.com,0787251819,CARD272,3,USER
ELI6,Elizabeth Stewart,elizabeth.stewart@company.com,0748193701,CARD273,1,USER
HUN4,Hunter Rodriguez,hunter.rodriguez@company.com,0768762853,CARD274,3,USER
SEB6,Sebastian Mitchell,sebastian.mitchell@company.com,0732452739,CARD275,1,USER
ABI2,Abigail King,abigail.king@company.com,0752588794,CARD276,3,USER
LIL2,Lily Stewart,lily.stewart@company.com,0741905251,CARD277,1,USER
MAY1,Maya Green,maya.green@company.com,0746631580,CARD278,3,USER
GRA7,Grace Martin,grace.martin@company.com,0726480665,CARD279,2,USER
ISA6,Isaac Jackson,isaac.jackson@company.com,0730162415,CARD280,3,USER
GRA8,Grayson Smith,grayson.smith@company.com,0777088759,CARD281,3,USER
MAT2,Matthew Campbell,matthew.campbell@company.com,0744969014,CARD282,0,USER
ELI7,Elijah Green,elijah.green@company.com,0754877569,CARD283,0,USER
JAC7,Jacob Green,jacob.green@company.com,0766260096,CARD284,2,USER
CHR5,Christian Anderson,christian.anderson@company.com,0719545342,CARD285,1,USER
EVE2,Evelyn Campbell,evelyn.campbell@company.com,0764003050,CARD286,1,USER
HUN5,Hunter Hernandez,hunter.hernandez@company.com,0747715922,CARD287,0,USER
ETH5,Ethan Scott,ethan.scott@company.com,0798287028,CARD288,3,USER
SOP5,Sophia Phillips,sophia.phillips@company.com,0749002392,CARD289,3,USER
AID1,Aiden Carter,aiden.carter@company.com,0792049861,CARD290,1,USER
THO3,Thomas Williams,thomas.williams@company.com,0758976066,CARD291,3,USER
SOP6,Sophia Adams,sophia.adams@company.com,0754418683,CARD292,1,USER
PEN2,Penelope Phillips,penelope.phillips@company.com,0753755364,CARD293,3,USER
AND2,Andrew Taylor,andrew.taylor@company.com,0797768390,CARD294,0,USER
PEN3,Penelope Stewart,penelope.stewart@company.com,0713184025,CARD295,0,USER
SEB7,Sebastian Hall,sebastian.hall@company.com,0793252030,CARD296,0,USER
JER3,Jeremiah Hernandez,jeremiah.hernandez@company.com,0732189554,CARD297,3,USER
CHA9,Charlotte Edwards,charlotte.edwards@company.com,0799609442,CARD298,1,USER
JOS5,Josiah Walker,josiah.walker@company.com,0727545819,CARD299,0,USER
AME1,Amelia Lewis,amelia.lewis@company.com,0765520015,CARD300,3,USER
ARI1,Aria Edwards,aria.edwards@company.com,0785146373,CARD301,2,USER
GAB3,Gabriel Harris,gabriel.harris@company.com,0778670831,CARD302,2,USER
HEN3,Henry Moore,henry.moore@company.com,0754085739,CARD303,1,USER
KIN,Kinsley Kelly,kinsley.kelly@company.com,0760094634,CARD304,1,USER
LUK2,Luke Anderson,luke.anderson@company.com,0793234880,CARD305,0,USER
CHL6,Chloe Williams,chloe.williams@company.com,0727006706,CARD306,0,USER
ANN1,Anna Wright,anna.wright@company.com,0760091974,CARD307,1,USER
ABI3,Abigail Garcia,abigail.garcia@company.com,0782404669,CARD308,3,USER
ALI4,Alice Thomas,alice.thomas@company.com,0798433484,CARD309,3,USER
OWE2,Owen Smith,owen.smith@company.com,0799464396,CARD310,3,USER
ELI8,Elizabeth Young,elizabeth.young@company.com,0712757583,CARD311,2,USER
MAT3,Mateo Garcia,mateo.garcia@company.com,0776665675,CARD312,0,USER
COR2,Cora Taylor,cora.taylor@company.com,0729878567,CARD313,2,USER
MAD4,Madison Collins,madison.collins@company.com,0780944574,CARD314,2,USER
AME2,Amelia Martin,amelia.martin@company.com,0725924494,CARD315,3,USER
JAX5,Jaxon Williams,jaxon.williams@company.com,0737471709,CARD316,0,USER
MAY2,Maya Baker,maya.baker@company.com,0770134705,CARD317,3,USER
RUB5,Ruby Harris,ruby.harris@company.com,0755444726,CARD318,0,USER
EVE3,Evelyn Campbell,evelyn.campbell@company.com,0779704851,CARD319,3,USER
LUC7,Lucas Scott,lucas.scott@company.com,0770182651,CARD320,3,USER
GRA9,Grace King,grace.king@company.com,0719287453,CARD321,2,USER
WYA2,Wyatt Roberts,wyatt.roberts@company.com,0722644736,CARD322,1,USER
SAM3,Samuel Edwards,samuel.edwards@company.com,0738969780,CARD323,1,USER
ABI4,Abigail Taylor,abigail.taylor@company.com,0795806332,CARD324,2,USER
CAR7,Carl Stewart,carl.stewart@company.com,0768963211,CARD325,1,USER
EVE4,Evelyn Miller,evelyn.miller@company.com,0725474158,CARD326,1,USER
AND3,Andrew Turner,andrew.turner@company.com,0789793445,CARD327,0,USER
CHR6,Christian Miller,christian.miller@company.com,0736735345,CARD328,0,USER
WYA3,Wyatt Johnson,wyatt.johnson@company.com,0777109216,CARD329,0,USER
DAN1,Daniel Lopez,daniel.lopez@company.com,0738485796,CARD330,0,USER
CHL7,Chloe Jackson,chloe.jackson@company.com,0740415547,CARD331,0,USER
AVA2,Ava Anderson,ava.anderson@company.com,0799333345,CARD332,0,USER
CAL3,Caleb Wright,caleb.wright@company.com,0758865691,CARD333,0,USER
LEV1,Levi Johnson,levi.johnson@company.com,0718773025,CARD334,0,USER
STE3,Stella Hall,stella.hall@company.com,0797345860,CARD335,1,USER
JOS6,Joseph Campbell,joseph.campbell@company.com,0798374025,CARD336,0,USER
NOR4,Nora Lewis,nora.lewis@company.com,0789946184,CARD337,2,USER
AUD1,Audrey Smith,audrey.smith@company.com,0773677296,CARD338,3,USER
AUD2,Audrey Nelson,audrey.nelson@company.com,0782847380,CARD339,2,USER
ZOE,Zoe Hall,zoe.hall@company.com,0779098923,CARD340,0,USER
JAC8,Jacob Jones,jacob.jones@company.com,0719038669,CARD341,3,USER
LUC8,Lucas Johnson,lucas.johnson@company.com,0781770338,CARD342,1,USER
JER4,Jeremiah Smith,jeremiah.smith@company.com,0797738776,CARD343,1,USER
CLA1,Claire Jackson,claire.jackson@company.com,0752157608,CARD344,2,USER
JAC9,Jacob Walker,jacob.walker@company.com,0738974331,CARD345,1,USER
NOR5,Nora Martinez,nora.martinez@company.com,0791737628,CARD346,3,USER
DAV1,David Jones,david.jones@company.com,0736561916,CARD347,2,USER
CAM1,Camila Lopez,camila.lopez@company.com,0731577416,CARD348,1,USER
CHL8,Chloe Clark,chloe.clark@company.com,0786561398,CARD349,1,USER
RYA,Ryan Hill,ryan.hill@company.com,0769370646,CARD350,3,USER
JAX6,Jaxon Jackson,jaxon.jackson@company.com,0744707508,CARD351,0,USER
CHA10,Charles Wilson,charles.wilson@company.com,0728448406,CARD352,2,USER
KIN1,Kinsley Campbell,kinsley.campbell@company.com,0797710425,CARD353,1,USER
LOG4,Logan Green,logan.green@company.com,0720829860,CARD354,0,USER
AUD3,Audrey White,audrey.white@company.com,0786589051,CARD355,0,USER
DAN2,Daniel Anderson,daniel.anderson@company.com,0738610163,CARD356,3,USER
CHA11,Charlotte Nelson,charlotte.nelson@company.com,0715366225,CARD357,1,USER
LAY4,Layla Allen,layla.allen@company.com,0742233459,CARD358,1,USER
CAL4,Caleb Roberts,caleb.roberts@company.com,0782310039,CARD359,1,USER
CHA12,Charles Allen,charles.allen@company.com,0793749408,CARD360,3,USER
GAB4,Gabriel Allen,gabriel.allen@company.com,0748261569,CARD361,1,USER
SEB8,Sebastian Jones,sebastian.jones@company.com,0785900196,CARD362,2,USER
SCA2,Scarlett Carter,scarlett.carter@company.com,0715569866,CARD363,0,USER
ETH6,Ethan Lopez,ethan.lopez@company.com,0717698865,CARD364,0,USER
AND4,Andrew Anderson,andrew.anderson@company.com,0714431385,CARD365,1,USER
CON1,Connor Rodriguez,connor.rodriguez@company.com,0795197660,CARD366,2,USER
KIN2,Kinsley Mitchell,kinsley.mitchell@company.com,0798215946,CARD367,2,USER
EZR8,Ezra Kelly,ezra.kelly@company.com,0787149176,CARD368,2,USER
NOV1,Nova Baker,nova.baker@company.com,0776417098,CARD369,3,USER
JER5,Jeremiah Hernandez,jeremiah.hernandez@company.com,0771028626,CARD370,3,USER
CHA13,Charles Davis,charles.davis@company.com,0728222004,CARD371,2,USER
WYA4,Wyatt Wilson,wyatt.wilson@company.com,0788632211,CARD372,1,USER
AID2,Aiden King,aiden.king@company.com,0721238080,CARD373,1,USER
MAY3,Maya Collins,maya.collins@company.com,0793412690,CARD374,2,USER
IVY2,Ivy King,ivy.king@company.com,0757674987,CARD375,0,USER
CAR8,Carter Hernandez,carter.hernandez@company.com,0717452788,CARD376,0,USER
MAY4,Maya Harris,maya.harris@company.com,0741486593,CARD377,1,USER
HEN4,Henry Clark,henry.clark@company.com,0799128559,CARD378,2,USER
GRA10,Grayson Edwards,grayson.edwards@company.com,0769499378,CARD379,3,USER
VIC3,Victoria Lee,victoria.lee@company.com,0772358854,CARD380,1,USER
JAX7,Jaxon Brown,jaxon.brown@company.com,0725078560,CARD381,3,USER
IVY3,Ivy Edwards,ivy.edwards@company.com,0723510878,CARD382,1,USER
AID3,Aiden Martin,aiden.martin@company.com,0759462085,CARD383,3,USER
CON2,Connor Harris,connor.harris@company.com,0741745840,CARD384,2,USER
VIC4,Victoria Martin,victoria.martin@company.com,0727955646,CARD385,3,USER
GRA11,Grayson Moore,grayson.moore@company.com,0723625819,CARD386,0,USER
LAY5,Layla Carter,layla.carter@company.com,0741822338,CARD387,3,USER
JAC10,Jackson Sanchez,jackson.sanchez@company.com,0765786369,CARD388,3,USER
LUC9,Lucas Harris,lucas.harris@company.com,0773514519,CARD389,1,USER
CAR9,Carter Scott,carter.scott@company.com,0784351191,CARD390,2,USER
AVE5,Avery Taylor,avery.taylor@company.com,0754657145,CARD391,3,USER
JAC11,Jackson White,jackson.white@company.com,0736250914,CARD392,1,USER
SOP7,Sophia Jones,sophia.jones@company.com,0724771424,CARD393,1,USER
JAC12,Jackson Kelly,jackson.kelly@company.com,0711334995,CARD394,3,USER
NAO2,Naomi Clark,naomi.clark@company.com,0730404132,CARD395,2,USER
JAM4,James Wright,james.wright@company.com,0716637776,CARD396,3,USER
VIO2,Violet Young,violet.young@company.com,0783614070,CARD397,1,USER
KIN3,Kinsley Wright,kinsley.wright@company.com,0755305876,CARD398,2,USER
LAY6,Layla Campbell,layla.campbell@company.com,0722526875,CARD399,1,USER
ELE2,Elena Campbell,elena.campbell@company.com,0775651301,CARD400,2,USER
GRA12,Grace Parker,grace.parker@company.com,0788824796,CARD401,0,USER
ALE5,Alexander Jones,alexander.jones@company.com,0738348067,CARD402,0,USER
ZOE1,Zoe Lee,zoe.lee@company.com,0783700740,CARD403,1,USER
STE4,Stella Taylor,stella.taylor@company.com,0747859185,CARD404,3,USER
CON3,Connor Harris,connor.harris@company.com,0738278903,CARD405,0,USER
NAO3,Naomi Jones,naomi.jones@company.com,0767486643,CARD406,3,USER
KIN4,Kinsley Anderson,kinsley.anderson@company.com,0799234959,CARD407,3,USER
SOF1,Sofia Jackson,sofia.jackson@company.com,0786627059,CARD408,1,USER
LEV2,Levi Thomas,levi.thomas@company.com,0787541250,CARD409,0,USER
MAY5,Maya Miller,maya.miller@company.com,0769556047,CARD410,2,USER
MAT4,Matthew Phillips,matthew.phillips@company.com,0725186165,CARD411,0,USER
THO4,Thomas Davis,thomas.davis@company.com,0757721614,CARD412,1,USER
ALE6,Alexander Hill,alexander.hill@company.com,0742387465,CARD413,3,USER
JOS7,Josiah Nelson,josiah.nelson@company.com,0748795281,CARD414,1,USER
LUC10,Lucas Miller,lucas.miller@company.com,0768838141,CARD415,2,USER
DAV2,David Taylor,david.taylor@company.com,0756000286,CARD416,2,USER
CLA2,Claire Miller,claire.miller@company.com,0772702869,CARD417,0,USER
OLI6,Oliver Jackson,oliver.jackson@company.com,0777674298,CARD418,1,USER
WIL5,Willow Johnson,willow.johnson@company.com,0716508502,CARD419,0,USER
ANN2,Anna King,anna.king@company.com,0744148645,CARD420,1,USER
CAR10,Carl Garcia,carl.garcia@company.com,0782257896,CARD421,2,USER
GRA13,Grace Thomas,grace.thomas@company.com,0751395030,CARD422,2,USER
EVE5,Evelyn Mitchell,evelyn.mitchell@company.com,0736808172,CARD423,0,USER
AVA3,Ava Davis,ava.davis@company.com,0744750770,CARD424,2,USER
AAR3,Aaron Smith,aaron.smith@company.com,0724110474,CARD425,1,USER
JUL,Julian King,julian.king@company.com,0730377634,CARD426,0,USER
STE5,Stella Carter,stella.carter@company.com,0740675277,CARD427,3,USER
LUC11,Lucy Adams,lucy.adams@company.com,0789374191,CARD428,3,USER
CHL9,Chloe Miller,chloe.miller@company.com,0761411811,CARD429,3,USER
OLI7,Olivia Lewis,olivia.lewis@company.com,0794026773,CARD430,2,USER
AID4,Aiden Harris,aiden.harris@company.com,0777032939,CARD431,3,USER
VIO3,Violet Smith,violet.smith@company.com,0718118958,CARD432,1,USER
ALI5,Alice Hill,alice.hill@company.com,0792389081,CARD433,0,USER
HUN6,Hunter Harris,hunter.harris@company.com,0712092872,CARD434,1,USER
ARI2,Aria Phillips,aria.phillips@company.com,0732259534,CARD435,3,USER
LOG5,Logan Harris,logan.harris@company.com,0716408227,CARD436,3,USER
JAM5,James Campbell,james.campbell@company.com,0719406829,CARD437,2,USER
HAR1,Harper Jones,harper.jones@company.com,0789800309,CARD438,1,USER
STE6,Stella Campbell,stella.campbell@company.com,0725728972,CARD439,3,USER
SKY6,Skylar Baker,skylar.baker@company.com,0726317192,CARD440,2,USER
CAL5,Caleb Allen,caleb.allen@company.com,0752678183,CARD441,1,USER
CAM2,Camila Scott,camila.scott@company.com,0767287811,CARD442,2,USER
AUD4,Audrey Hernandez,audrey.hernandez@company.com,0721763477,CARD443,0,USER
LIL3,Lily Stewart,lily.stewart@company.com,0749805575,CARD444,3,USER
ZOE2,Zoe Hill,zoe.hill@company.com,0780910934,CARD445,1,USER
AND5,Andrew Phillips,andrew.phillips@company.com,0729887350,CARD446,2,USER
CAL6,Caleb Kelly,caleb.kelly@company.com,0785990462,CARD447,2,USER
ALI6,Alice Lee,alice.lee@company.com,0796116734,CARD448,1,USER
GAB5,Gabriel Brown,gabriel.brown@company.com,0739500796,CARD449,3,USER
DAN3,Daniel Sanchez,daniel.sanchez@company.com,0732920031,CARD450,3,USER
LAY7,Layla Smith,layla.smith@company.com,0714644537,CARD451,0,USER
GRA14,Grace Martinez,grace.martinez@company.com,0787451114,CARD452,1,USER
NOR6,Nora Smith,nora.smith@company.com,0733569538,CARD453,3,USER
ALI7,Alice Turner,alice.turner@company.com,0784926904,CARD454,0,USER
EVE6,Evelyn Jones,evelyn.jones@company.com,0714223279,CARD455,0,USER
EMI3,Emily Davis,emily.davis@company.com,0760916552,CARD456,1,USER
VIO4,Violet Edwards,violet.edwards@company.com,0743120323,CARD457,0,USER
LUK3,Luke Young,luke.young@company.com,0743203437,CARD458,1,USER
SEB9,Sebastian Allen,sebastian.allen@company.com,0796593159,CARD459,2,USER
LIL4,Lily Johnson,lily.johnson@company.com,0751573327,CARD460,1,USER
NAO4,Naomi Martin,naomi.martin@company.com,0738342505,CARD461,1,USER
JAM6,James Parker,james.parker@company.com,0720593914,CARD462,3,USER
AVA4,Ava Walker,ava.walker@company.com,0778350378,CARD463,2,USER
JAC13,Jacob Hernandez,jacob.hernandez@company.com,0738722271,CARD464,1,USER
CLA3,Claire Rodriguez,claire.rodriguez@company.com,0762274687,CARD465,1,USER
CLA4,Claire Williams,claire.williams@company.com,0754276626,CARD466,2,USER
SAM4,Samuel Green,samuel.green@company.com,0799166641,CARD467,3,USER
MAD5,Madison Anderson,madison.anderson@company.com,0748097323,CARD468,3,USER
NOA1,Noah Green,noah.green@company.com,0749974592,CARD469,3,USER
MAD6,Madison Smith,madison.smith@company.com,0791607531,CARD470,0,USER
WYA5,Wyatt Green,wyatt.green@company.com,0754979970,CARD471,1,USER
ISA7,Isabella Martin,isabella.martin@company.com,0721065580,CARD472,3,USER
VIC5,Victoria Mitchell,victoria.mitchell@company.com,0744277266,CARD473,0,USER
BEN8,Benjamin Perez,benjamin.perez@company.com,0721468445,CARD474,0,USER
MIC3,Michael Hall,michael.hall@company.com,0762302383,CARD475,3,USER
EVE7,Evelyn Jones,evelyn.jones@company.com,0759663983,CARD476,3,USER
NOR7,Nora Jones,nora.jones@company.com,0749989989,CARD477,1,USER
LUK4,Luke Wright,luke.wright@company.com,0747283741,CARD478,1,USER
CHR7,Christian Davis,christian.davis@company.com,0763113491,CARD479,1,USER
MAY6,Maya Lopez,maya.lopez@company.com,0789818825,CARD480,2,USER
STE7,Stella Phillips,stella.phillips@company.com,0710737383,CARD481,3,USER
EMM3,Emma Garcia,emma.garcia@company.com,0795761982,CARD482,3,USER
ANN3,Anna Campbell,anna.campbell@company.com,0748300946,CARD483,0,USER
RIL3,Riley Perez,riley.perez@company.com,0763524095,CARD484,0,USER
ELL6,Ella Campbell,ella.campbell@company.com,0735773148,CARD485,1,USER
MAS2,Mason Moore,mason.moore@company.com,0723028388,CARD486,2,USER
CHA14,Charles Walker,charles.walker@company.com,0748916914,CARD487,0,USER
STE8,Stella Hernandez,stella.hernandez@company.com,0798451794,CARD488,2,USER
JAM7,James Wright,james.wright@company.com,0735630779,CARD489,0,USER
HAR2,Harper Wilson,harper.wilson@company.com,0770184070,CARD490,2,USER
LEA2,Leah Hernandez,leah.hernandez@company.com,0799613898,CARD491,1,USER
DAV3,David Martinez,david.martinez@company.com,0775927380,CARD492,0,USER
CON4,Connor Young,connor.young@company.com,0773751434,CARD493,0,USER
ABI5,Abigail Martin,abigail.martin@company.com,0765450411,CARD494,0,USER
JOS8,Joseph Kelly,joseph.kelly@company.com,0723469010,CARD495,3,USER
LEA3,Leah Garcia,leah.garcia@company.com,0747816814,CARD496,2,USER
AME3,Amelia Garcia,amelia.garcia@company.com,0731954462,CARD497,0,USER
VIO5,Violet Davis,violet.davis@company.com,0765748473,CARD498,1,USER
CAR11,Carter Johnson,carter.johnson@company.com,0768979198,CARD499,3,USER
OLI8,Olivia Sanchez,olivia.sanchez@company.com,0762547195,CARD500,3,USER
LUC12,Lucy Wright,lucy.wright@company.com,0789894012,CARD501,0,USER
SCA3,Scarlett Miller,scarlett.miller@company.com,0776528365,CARD502,0,USER
ANN4,Anna Lee,anna.lee@company.com,0754621659,CARD503,3,USER
KIN5,Kinsley Young,kinsley.young@company.com,0780615826,CARD504,0,USER
JAY2,Jayden Hall,jayden.hall@company.com,0742737668,CARD505,3,USER
NOA2,Noah Phillips,noah.phillips@company.com,0779525748,CARD506,3,USER
PEN4,Penelope Taylor,penelope.taylor@company.com,0798970138,CARD507,1,USER
ISA8,Isabella Lee,isabella.lee@company.com,0772979657,CARD508,1,USER
EMI4,Emily Carter,emily.carter@company.com,0756698337,CARD509,1,USER
AUR2,Aurora Hall,aurora.hall@company.com,0799465188,CARD510,3,USER
AUD5,Audrey Walker,audrey.walker@company.com,0788667107,CARD511,1,USER
ALE7,Alexander Smith,alexander.smith@company.com,0742755977,CARD512,0,USER
SCA4,Scarlett Nelson,scarlett.nelson@company.com,0782999382,CARD513,2,USER
ALE8,Alexander Campbell,alexander.campbell@company.com,0749068971,CARD514,0,USER
AVA5,Ava Moore,ava.moore@company.com,0727662238,CARD515,0,USER
HEN5,Henry Jones,henry.jones@company.com,0712375462,CARD516,2,USER
ALE9,Alexander Baker,alexander.baker@company.com,0761306546,CARD517,2,USER
IVY4,Ivy Kelly,ivy.kelly@company.com,0755420843,CARD518,0,USER
ANN5,Anna Walker,anna.walker@company.com,0733066218,CARD519,0,USER
HAR3,Harper Mitchell,harper.mitchell@company.com,0760288064,CARD520,0,USER
MIC4,Michael Jackson,michael.jackson@company.com,0783249428,CARD521,3,USER
LIL5,Lily Brown,lily.brown@company.com,0783468004,CARD522,0,USER
LUC13,Lucas Allen,lucas.allen@company.com,0711293197,CARD523,1,USER
STE9,Stella Nelson,stella.nelson@company.com,0757423604,CARD524,0,USER
MAT5,Matthew Young,matthew.young@company.com,0774187351,CARD525,0,USER
LUC14,Lucas Young,lucas.young@company.com,0739497798,CARD526,1,USER
AUR3,Aurora Taylor,aurora.taylor@company.com,0767086458,CARD527,3,USER
DAV4,David Garcia,david.garcia@company.com,0767412071,CARD528,3,USER
COR3,Cora Garcia,cora.garcia@company.com,0796063580,CARD529,0,USER
HAZ,Hazel Scott,hazel.scott@company.com,0720145758,CARD530,2,USER
CHR8,Christian Moore,christian.moore@company.com,0787699188,CARD531,2,USER
JAM8,James Hall,james.hall@company.com,0723586522,CARD532,1,USER
ALE10,Alexander Clark,alexander.clark@company.com,0760258167,CARD533,0,USER
NOV2,Nova Mitchell,nova.mitchell@company.com,0717812418,CARD534,0,USER
NOV3,Nova Lewis,nova.lewis@company.com,0767902686,CARD535,2,USER
CAR12,Carl Johnson,carl.johnson@company.com,0770558438,CARD536,3,USER
CHA15,Charlotte Edwards,charlotte.edwards@company.com,0784688794,CARD537,1,USER
CAL7,Caleb Johnson,caleb.johnson@company.com,0728124866,CARD538,2,USER
CAR13,Carl Wilson,carl.wilson@company.com,0724103910,CARD539,3,USER
MAT6,Matthew Garcia,matthew.garcia@company.com,0712576883,CARD540,2,USER
AUD6,Audrey Smith,audrey.smith@company.com,0755915434,CARD541,2,USER
ALI8,Alice Anderson,alice.anderson@company.com,0778521305,CARD542,3,USER
NOA3,Noah Sanchez,noah.sanchez@company.com,0719197876,CARD543,1,USER
AVA6,Ava Jones,ava.jones@company.com,0736689522,CARD544,1,USER
SAM5,Samuel Moore,samuel.moore@company.com,0762958530,CARD545,1,USER
ARI3,Aria Johnson,aria.johnson@company.com,0755411265,CARD546,2,USER
ANN6,Anna King,anna.king@company.com,0798580277,CARD547,1,USER
RYA1,Ryan Edwards,ryan.edwards@company.com,0755537828,CARD548,2,USER
LIL6,Lily Wright,lily.wright@company.com,0777349959,CARD549,3,USER
AME4,Amelia Hernandez,amelia.hernandez@company.com,0781376392,CARD550,0,USER
SAM6,Samuel Nelson,samuel.nelson@company.com,0724821106,CARD551,3,USER
OWE3,Owen Nelson,owen.nelson@company.com,0712772401,CARD552,1,USER
JAM9,James Miller,james.miller@company.com,0799767701,CARD553,0,USER
OWE4,Owen Moore,owen.moore@company.com,0723644227,CARD554,1,USER
ZOE3,Zoe Allen,zoe.allen@company.com,0735878617,CARD555,0,USER
OWE5,Owen Adams,owen.adams@company.com,0768272646,CARD556,2,USER
MAD7,Madison Garcia,madison.garcia@company.com,0730075009,CARD557,1,USER
JAC14,Jack Stewart,jack.stewart@company.com,0787998292,CARD558,3,USER
LUC15,Lucas Perez,lucas.perez@company.com,0796712292,CARD559,3,USER
MAT7,Matthew King,matthew.king@company.com,0736546871,CARD560,1,USER
OLI9,Olivia Hernandez,olivia.hernandez@company.com,0780010278,CARD561,1,USER
GRA15,Grace Wilson,grace.wilson@company.com,0771974328,CARD562,1,USER
WIL6,William Parker,william.parker@company.com,0710495971,CARD563,3,USER
DAN4,Daniel Young,daniel.young@company.com,0710408121,CARD564,1,USER
MAT8,Matthew Anderson,matthew.anderson@company.com,0795389860,CARD565,1,USER
COR4,Cora Walker,cora.walker@company.com,0748425924,CARD566,1,USER
ISA9,Isabella Taylor,isabella.taylor@company.com,0718222318,CARD567,1,USER
JAX8,Jaxon Lopez,jaxon.lopez@company.com,0774445638,CARD568,3,USER
CAL8,Caleb Anderson,caleb.anderson@company.com,0762059616,CARD569,3,USER
WYA6,Wyatt Clark,wyatt.clark@company.com,0729382842,CARD570,1,USER
CAM3,Camila Sanchez,camila.sanchez@company.com,0788514250,CARD571,2,USER
COR5,Cora Garcia,cora.garcia@company.com,0738841211,CARD572,2,USER
OWE6,Owen Anderson,owen.anderson@company.com,0718151504,CARD573,1,USER
SAM7,Samuel Young,samuel.young@company.com,0756434351,CARD574,2,USER
AND6,Andrew Wilson,andrew.wilson@company.com,0755399559,CARD575,0,USER
LEV3,Levi Hall,levi.hall@company.com,0747754857,CARD576,3,USER
MAS3,Mason Taylor,mason.taylor@company.com,0721178648,CARD577,2,USER
MAS4,Mason Clark,mason.clark@company.com,0761472898,CARD578,0,USER
ELE3,Elena Scott,elena.scott@company.com,0745739014,CARD579,0,USER
SOP8,Sophia Rodriguez,sophia.rodriguez@company.com,0773608885,CARD580,1,USER
JAX9,Jaxon Martinez,jaxon.martinez@company.com,0739360862,CARD581,3,USER
ETH7,Ethan Jackson,ethan.jackson@company.com,0796626848,CARD582,3,USER
LUK5,Luke Collins,luke.collins@company.com,0763241072,CARD583,2,USER
JAC15,Jack White,jack.white@company.com,0793014847,CARD584,3,USER
DAN5,Daniel Martin,daniel.martin@company.com,0727553069,CARD585,1,USER
ZOE4,Zoe Sanchez,zoe.sanchez@company.com,0758871607,CARD586,1,USER
EVE8,Evelyn Roberts,evelyn.roberts@company.com,0772960350,CARD587,2,USER
CAR14,Carl Nelson,carl.nelson@company.com,0728983327,CARD588,1,USER
JER6,Jeremiah Edwards,jeremiah.edwards@company.com,0726770959,CARD589,2,USER
CAR15,Carl Roberts,carl.roberts@company.com,0718406143,CARD590,2,USER
NAO5,Naomi Thomas,naomi.thomas@company.com,0769508557,CARD591,2,USER
SKY7,Skylar Miller,skylar.miller@company.com,0776546801,CARD592,0,USER
HUN7,Hunter Brown,hunter.brown@company.com,0798188542,CARD593,1,USER
JAY3,Jayden Clark,jayden.clark@company.com,0728101164,CARD594,0,USER
HAN3,Hannah Nelson,hannah.nelson@company.com,0720723479,CARD595,1,USER
CHA16,Charlotte Evans,charlotte.evans@company.com,0799736260,CARD596,0,USER
HAR4,Harper Wright,harper.wright@company.com,0765289080,CARD597,3,USER
SOP9,Sophia Allen,sophia.allen@company.com,0729206612,CARD598,0,USER
EMM4,Emma Stewart,emma.stewart@company.com,0790432541,CARD599,1,USER
THO5,Thomas Kelly,thomas.kelly@company.com,0745944073,CARD600,3,USER
AVA7,Ava Jackson,ava.jackson@company.com,0777289282,CARD601,2,USER
LAY8,Layla Rodriguez,layla.rodriguez@company.com,0797255531,CARD602,2,USER
DAV5,David Adams,david.adams@company.com,0766249700,CARD603,3,USER
CAR16,Carl Hall,carl.hall@company.com,0766568721,CARD604,1,USER
OLI10,Oliver Young,oliver.young@company.com,0717340607,CARD605,0,USER
NOR8,Nora Allen,nora.allen@company.com,0743751423,CARD606,0,USER
HAN4,Hannah Kelly,hannah.kelly@company.com,0714490976,CARD607,3,USER
SOF2,Sofia Evans,sofia.evans@company.com,0735909995,CARD608,1,USER
ANN7,Anna Harris,anna.harris@company.com,0782404459,CARD609,0,USER
LEV4,Levi Lopez,levi.lopez@company.com,0780550115,CARD610,0,USER
NAO6,Naomi Miller,naomi.miller@company.com,0726459635,CARD611,3,USER
DAV6,David Adams,david.adams@company.com,0721879605,CARD612,2,USER
ZOE5,Zoe Davis,zoe.davis@company.com,0748630332,CARD613,1,USER
ALI9,Alice Turner,alice.turner@company.com,0780153635,CARD614,0,USER
PEN5,Penelope King,penelope.king@company.com,0716321177,CARD615,1,USER
ETH8,Ethan Thomas,ethan.thomas@company.com,0796968185,CARD616,3,USER
CHA17,Charlotte Wilson,charlotte.wilson@company.com,0795368283,CARD617,2,USER
OWE7,Owen Thomas,owen.thomas@company.com,0736796895,CARD618,3,USER
LAY9,Layla Parker,layla.parker@company.com,0740399236,CARD619,1,USER
VIO6,Violet Scott,violet.scott@company.com,0783801683,CARD620,2,USER
ARI4,Aria Nelson,aria.nelson@company.com,0799467806,CARD621,3,USER
AAR4,Aaron Miller,aaron.miller@company.com,0717613399,CARD622,2,USER
NOV4,Nova Taylor,nova.taylor@company.com,0752030061,CARD623,0,USER
LIL7,Lily Evans,lily.evans@company.com,0795936903,CARD624,3,USER
CON5,Connor Anderson,connor.anderson@company.com,0773007988,CARD625,3,USER
VIC6,Victoria Martinez,victoria.martinez@company.com,0762148001,CARD626,3,USER
CHA18,Charles Kelly,charles.kelly@company.com,0798969466,CARD627,0,USER
DAV7,David Taylor,david.taylor@company.com,0718609000,CARD628,1,USER
SOP10,Sophia Phillips,sophia.phillips@company.com,0746949200,CARD629,3,USER
MAS5,Mason Perez,mason.perez@company.com,0723260977,CARD630,0,USER
ANN8,Anna Hall,anna.hall@company.com,0770524233,CARD631,2,USER
CHA19,Charles Sanchez,charles.sanchez@company.com,0722593408,CARD632,3,USER
BEN9,Benjamin Walker,benjamin.walker@company.com,0728031400,CARD633,1,USER
ELE4,Elena Martinez,elena.martinez@company.com,0792447162,CARD634,0,USER
CHA20,Charles Mitchell,charles.mitchell@company.com,0765508809,CARD635,2,USER
JAX10,Jaxon Campbell,jaxon.campbell@company.com,0779989835,CARD636,0,USER
LEA4,Leah Campbell,leah.campbell@company.com,0726597172,CARD637,1,USER
WYA7,Wyatt Clark,wyatt.clark@company.com,0750863766,CARD638,3,USER
SCA5,Scarlett Nelson,scarlett.nelson@company.com,0723803869,CARD639,3,USER
DAN6,Daniel Green,daniel.green@company.com,0759688442,CARD640,0,USER
GRA16,Grace Evans,grace.evans@company.com,0714472422,CARD641,1,USER
OLI11,Olivia Allen,olivia.allen@company.com,0799422047,CARD642,0,USER
CAR17,Carl Kelly,carl.kelly@company.com,0742624728,CARD643,3,USER
KIN6,Kinsley Walker,kinsley.walker@company.com,0786450596,CARD644,3,USER
JER7,Jeremiah Martin,jeremiah.martin@company.com,0738602961,CARD645,2,USER
JER8,Jeremiah Baker,jeremiah.baker@company.com,0723152501,CARD646,3,USER
EMI5,Emily Hall,emily.hall@company.com,0746360901,CARD647,0,USER
IVY5,Ivy Kelly,ivy.kelly@company.com,0794722452,CARD648,2,USER
EVE9,Evelyn Green,evelyn.green@company.com,0716093214,CARD649,1,USER
ZOE6,Zoe Phillips,zoe.phillips@company.com,0726141636,CARD650,0,USER
LAY10,Layla Lewis,layla.lewis@company.com,0768665018,CARD651,0,USER
JAC16,Jacob Baker,jacob.baker@company.com,0741984852,CARD652,3,USER
LUK6,Luke Davis,luke.davis@company.com,0747152903,CARD653,3,USER
JAM10,James Wright,james.wright@company.com,0778015953,CARD654,3,USER
SAM8,Samuel Campbell,samuel.campbell@company.com,0799933300,CARD655,0,USER
MIA2,Mia Young,mia.young@company.com,0742940898,CARD656,2,USER
COR6,Cora Martinez,cora.martinez@company.com,0724115261,CARD657,1,USER
CHR9,Christian Turner,christian.turner@company.com,0714055342,CARD658,0,USER
CHR10,Christian Parker,christian.parker@company.com,0749068507,CARD659,0,USER
JOS9,Joseph Nelson,joseph.nelson@company.com,0712583570,CARD660,3,USER
EMI6,Emily Clark,emily.clark@company.com,0772103213,CARD661,3,USER
MIC5,Michael Allen,michael.allen@company.com,0735755512,CARD662,2,USER
MAT9,Mateo Jones,mateo.jones@company.com,0799952981,CARD663,1,USER
ANN9,Anna Parker,anna.parker@company.com,0767846573,CARD664,2,USER
KIN7,Kinsley Collins,kinsley.collins@company.com,0777378507,CARD665,1,USER
CAR18,Carter Edwards,carter.edwards@company.com,0742820390,CARD666,0,USER
HAR5,Harper White,harper.white@company.com,0760592249,CARD667,3,USER
CHA21,Charlotte Anderson,charlotte.anderson@company.com,0798419792,CARD668,0,USER
ALI10,Alice Campbell,alice.campbell@company.com,0719903052,CARD669,3,USER
RYA2,Ryan Kelly,ryan.kelly@company.com,0726150670,CARD670,3,USER
ELI9,Elizabeth Edwards,elizabeth.edwards@company.com,0761045383,CARD671,1,USER
SEB10,Sebastian Brown,sebastian.brown@company.com,0743758691,CARD672,0,USER
RUB6,Ruby King,ruby.king@company.com,0774042732,CARD673,0,USER
THO6,Thomas Smith,thomas.smith@company.com,0768119424,CARD674,3,USER
ANN10,Anna Young,anna.young@company.com,0718348387,CARD675,1,USER
JOS10,Josiah Rodriguez,josiah.rodriguez@company.com,0721371987,CARD676,1,USER
ANT3,Anthony Mitchell,anthony.mitchell@company.com,0757218350,CARD677,0,USER
ELE5,Elena Jackson,elena.jackson@company.com,0773507718,CARD678,1,USER
PEN6,Penelope Davis,penelope.davis@company.com,0762048158,CARD679,3,USER
HAR6,Harper Turner,harper.turner@company.com,0751315687,CARD680,0,USER
CHR11,Christian Stewart,christian.stewart@company.com,0773827657,CARD681,3,USER
COR7,Cora Anderson,cora.anderson@company.com,0799601148,CARD682,1,USER
ZOE7,Zoe Stewart,zoe.stewart@company.com,0718676846,CARD683,2,USER
SAM9,Samuel Allen,samuel.allen@company.com,0791191790,CARD684,3,USER
LAY11,Layla Jackson,layla.jackson@company.com,0768683237,CARD685,1,USER
JAM11,James Hernandez,james.hernandez@company.com,0749702549,CARD686,3,USER
COR8,Cora Smith,cora.smith@company.com,0728064705,CARD687,1,USER
RUB7,Ruby Nelson,ruby.nelson@company.com,0719733200,CARD688,0,USER
CAR19,Carter Campbell,carter.campbell@company.com,0767099639,CARD689,3,USER
ANN11,Anna White,anna.white@company.com,0726153669,CARD690,2,USER
LEA5,Leah Smith,leah.smith@company.com,0741047924,CARD691,1,USER
HAN5,Hannah Davis,hannah.davis@company.com,0767059530,CARD692,3,USER
GRA17,Grace Hall,grace.hall@company.com,0718372281,CARD693,0,USER
ELI10,Elijah Perez,elijah.perez@company.com,0784754980,CARD694,1,USER
JOH1,John Nelson,john.nelson@company.com,0756421048,CARD695,1,USER
LUC16,Lucy Adams,lucy.adams@company.com,0743225974,CARD696,1,USER
AME5,Amelia Walker,amelia.walker@company.com,0752066531,CARD697,2,USER
VIO7,Violet Davis,violet.davis@company.com,0765928873,CARD698,2,USER
ARI5,Aria Lopez,aria.lopez@company.com,0750862691,CARD699,2,USER
JUL1,Julian Allen,julian.allen@company.com,0738013556,CARD700,3,USER
LEV5,Levi Martin,levi.martin@company.com,0728250611,CARD701,1,USER
JAC17,Jack Miller,jack.miller@company.com,0785725706,CARD702,2,USER
AVA8,Ava Adams,ava.adams@company.com,0739046603,CARD703,1,USER
MAD8,Madison Brown,madison.brown@company.com,0789956268,CARD704,1,USER
SKY8,Skylar Allen,skylar.allen@company.com,0748722771,CARD705,0,USER
GRA18,Grace Allen,grace.allen@company.com,0713719399,CARD706,2,USER
NOA4,Noah Taylor,noah.taylor@company.com,0726432463,CARD707,0,USER
WYA8,Wyatt Campbell,wyatt.campbell@company.com,0793461697,CARD708,2,USER
GRA19,Grayson Walker,grayson.walker@company.com,0725535555,CARD709,3,USER
CHR12,Christian Scott,christian.scott@company.com,0755939596,CARD710,1,USER
OWE8,Owen Nelson,owen.nelson@company.com,0773754712,CARD711,0,USER
CLA5,Claire Mitchell,claire.mitchell@company.com,0789503373,CARD712,0,USER
CON6,Connor Davis,connor.davis@company.com,0785462554,CARD713,2,USER
CLA6,Claire Mitchell,claire.mitchell@company.com,0753887395,CARD714,1,USER
JUL2,Julian Garcia,julian.garcia@company.com,0781552015,CARD715,0,USER
EZR9,Ezra Davis,ezra.davis@company.com,0764209592,CARD716,0,USER
JAM12,James Moore,james.moore@company.com,0768375292,CARD717,0,USER
MIA3,Mia Jones,mia.jones@company.com,0749851871,CARD718,2,USER
CHA22,Charlotte Roberts,charlotte.roberts@company.com,0749564273,CARD719,2,USER
SEB11,Sebastian Carter,sebastian.carter@company.com,0765292555,CARD720,0,USER
GRA20,Grayson Campbell,grayson.campbell@company.com,0740866336,CARD721,2,USER
OLI12,Oliver Wright,oliver.wright@company.com,0762266329,CARD722,3,USER
EMI7,Emily Campbell,emily.campbell@company.com,0720813355,CARD723,1,USER
THO7,Thomas Parker,thomas.parker@company.com,0767290885,CARD724,3,USER
AVA9,Ava Turner,ava.turner@company.com,0765256099,CARD725,1,USER
ISA10,Isaac Edwards,isaac.edwards@company.com,0795106328,CARD726,1,USER
LUK7,Luke Lewis,luke.lewis@company.com,0751377985,CARD727,1,USER
JAC18,Jackson Adams,jackson.adams@company.com,0749398536,CARD728,2,USER
SOF3,Sofia Phillips,sofia.phillips@company.com,0779861124,CARD729,2,USER
AAR5,Aaron Lewis,aaron.lewis@company.com,0748750449,CARD730,0,USER
CHA23,Charlotte Brown,charlotte.brown@company.com,0777309448,CARD731,2,USER
VIC7,Victoria Rodriguez,victoria.rodriguez@company.com,0719758798,CARD732,0,USER
EVE10,Evelyn Hill,evelyn.hill@company.com,0714829623,CARD733,1,USER
KIN8,Kinsley Mitchell,kinsley.mitchell@company.com,0755845265,CARD734,0,USER
HAN6,Hannah King,hannah.king@company.com,0738841700,CARD735,0,USER
SCA6,Scarlett Kelly,scarlett.kelly@company.com,0721825820,CARD736,3,USER
MIA4,Mia Davis,mia.davis@company.com,0786307909,CARD737,3,USER
CAR20,Carter Jackson,carter.jackson@company.com,0781039755,CARD738,1,USER
EVE11,Evelyn Taylor,evelyn.taylor@company.com,0765259033,CARD739,2,USER
OLI13,Oliver Lewis,oliver.lewis@company.com,0737859297,CARD740,3,USER
SKY9,Skylar Edwards,skylar.edwards@company.com,0752683188,CARD741,1,USER
NOV5,Nova Kelly,nova.kelly@company.com,0787997362,CARD742,2,USER
HEN6,Henry King,henry.king@company.com,0711358403,CARD743,3,USER
CAR21,Carter Green,carter.green@company.com,0773833812,CARD744,2,USER
SAM10,Samuel Scott,samuel.scott@company.com,0731584317,CARD745,2,USER
JAX11,Jaxon Williams,jaxon.williams@company.com,0775563025,CARD746,1,USER
CLA7,Claire Taylor,claire.taylor@company.com,0762535375,CARD747,1,USER
JAC19,Jacob Smith,jacob.smith@company.com,0778657578,CARD748,2,USER
EMM5,Emma Perez,emma.perez@company.com,0756031268,CARD749,3,USER
NAO7,Naomi Scott,naomi.scott@company.com,0763144129,CARD750,1,USER
ABI6,Abigail Hernandez,abigail.hernandez@company.com,0778925893,CARD751,2,USER
JER9,Jeremiah Roberts,jeremiah.roberts@company.com,0771238957,CARD752,1,USER
JOH2,John Harris,john.harris@company.com,0718293509,CARD753,1,USER
LUC17,Lucas Lopez,lucas.lopez@company.com,0733869845,CARD754,0,USER
ANT4,Anthony Lee,anthony.lee@company.com,0727551376,CARD755,0,USER
IVY6,Ivy Martin,ivy.martin@company.com,0730143808,CARD756,2,USER
LOG6,Logan Kelly,logan.kelly@company.com,0739690173,CARD757,2,USER
AVA10,Ava Lewis,ava.lewis@company.com,0717187275,CARD758,2,USER
LUC18,Lucas Lopez,lucas.lopez@company.com,0779482857,CARD759,1,USER
LUC19,Lucy Hall,lucy.hall@company.com,0767483298,CARD760,0,USER
DAN7,Daniel Allen,daniel.allen@company.com,0712025994,CARD761,0,USER
CON7,Connor Allen,connor.allen@company.com,0767515630,CARD762,0,USER
HAZ1,Hazel Turner,hazel.turner@company.com,0721956904,CARD763,1,USER
JOH3,John Sanchez,john.sanchez@company.com,0798522528,CARD764,0,USER
RYA3,Ryan Evans,ryan.evans@company.com,0753514953,CARD765,1,USER
MIC6,Michael Turner,michael.turner@company.com,0714149174,CARD766,2,USER
VIC8,Victoria Lewis,victoria.lewis@company.com,0737694532,CARD767,2,USER
JAX12,Jaxon Martinez,jaxon.martinez@company.com,0743018269,CARD768,2,USER
CON8,Connor Lopez,connor.lopez@company.com,0745987125,CARD769,3,USER
EMM6,Emma Scott,emma.scott@company.com,0740377796,CARD770,3,USER
HUN8,Hunter Sanchez,hunter.sanchez@company.com,0799967496,CARD771,0,USER
JAC20,Jacob Mitchell,jacob.mitchell@company.com,0712115156,CARD772,3,USER
NOV6,Nova Walker,nova.walker@company.com,0771955241,CARD773,1,USER
ELI11,Elizabeth Taylor,elizabeth.taylor@company.com,0789353343,CARD774,2,USER
CON9,Connor Anderson,connor.anderson@company.com,0757102320,CARD775,0,USER
NOV7,Nova Hill,nova.hill@company.com,0786630758,CARD776,2,USER
LIL8,Lily Moore,lily.moore@company.com,0763522904,CARD777,3,USER
IVY7,Ivy Brown,ivy.brown@company.com,0789387447,CARD778,1,USER
RYA4,Ryan Rodriguez,ryan.rodriguez@company.com,0797703768,CARD779,2,USER
DAV8,David Hill,david.hill@company.com,0718823307,CARD780,0,USER
ALI11,Alice Sanchez,alice.sanchez@company.com,0729934922,CARD781,1,USER
HAN7,Hannah Lopez,hannah.lopez@company.com,0787482453,CARD782,2,USER
GRA21,Grayson Miller,grayson.miller@company.com,0728278788,CARD783,0,USER
AUD7,Audrey Miller,audrey.miller@company.com,0780381015,CARD784,0,USER
LUC20,Lucy Wilson,lucy.wilson@company.com,0748195208,CARD785,1,USER
JOH4,John Roberts,john.roberts@company.com,0722026216,CARD786,2,USER
GRA22,Grace Hernandez,grace.hernandez@company.com,0725221875,CARD787,3,USER
CAL9,Caleb Davis,caleb.davis@company.com,0734267378,CARD788,1,USER
NOA5,Noah Hall,noah.hall@company.com,0727849176,CARD789,3,USER
CAL10,Caleb Martinez,caleb.martinez@company.com,0785311786,CARD790,3,USER
HUN9,Hunter Kelly,hunter.kelly@company.com,0782573399,CARD791,1,USER
WIL7,Willow Scott,willow.scott@company.com,0770351987,CARD792,2,USER
EZR10,Ezra King,ezra.king@company.com,0799983671,CARD793,2,USER
EMM7,Emma Phillips,emma.phillips@company.com,0792220677,CARD794,2,USER
ELE6,Elena White,elena.white@company.com,0766499512,CARD795,0,USER
NAO8,Naomi Taylor,naomi.taylor@company.com,0775669293,CARD796,3,USER
GRA23,Grace Adams,grace.adams@company.com,0725468145,CARD797,0,USER
SOF4,Sofia Clark,sofia.clark@company.com,0765273875,CARD798,3,USER
CAM4,Camila Lopez,camila.lopez@company.com,0711276271,CARD799,2,USER
CHL10,Chloe Hall,chloe.hall@company.com,0736229391,CARD800,3,USER
ARI6,Aria Nelson,aria.nelson@company.com,0777336013,CARD801,2,USER
ELI12,Elizabeth Rodriguez,elizabeth.rodriguez@company.com,0792404587,CARD802,2,USER
JAC21,Jack Young,jack.young@company.com,0770672478,CARD803,2,USER
JOH5,John Harris,john.harris@company.com,0730063980,CARD804,2,USER
HEN7,Henry Rodriguez,henry.rodriguez@company.com,0791586354,CARD805,3,USER
AAR6,Aaron Wright,aaron.wright@company.com,0771204340,CARD806,2,USER
WYA9,Wyatt Wilson,wyatt.wilson@company.com,0781692382,CARD807,3,USER
ABI7,Abigail Carter,abigail.carter@company.com,0738836825,CARD808,3,USER
GRA24,Grace Brown,grace.brown@company.com,0781781814,CARD809,3,USER
MAT10,Mateo Lopez,mateo.lopez@company.com,0750665383,CARD810,2,USER
DAN8,Daniel Rodriguez,daniel.rodriguez@company.com,0762996523,CARD811,2,USER
EMI8,Emily White,emily.white@company.com,0762869321,CARD812,2,USER
SKY10,Skylar Young,skylar.young@company.com,0735912303,CARD813,2,USER
JUL3,Julian Lewis,julian.lewis@company.com,0790610360,CARD814,3,USER
LEV6,Levi Carter,levi.carter@company.com,0784343324,CARD815,0,USER
JUL4,Julian Martinez,julian.martinez@company.com,0735479748,CARD816,2,USER
NOR9,Nora Harris,nora.harris@company.com,0741621045,CARD817,1,USER
DAN9,Daniel Lee,daniel.lee@company.com,0773670163,CARD818,1,USER
HAN8,Hannah Carter,hannah.carter@company.com,0738935648,CARD819,1,USER
SKY11,Skylar Davis,skylar.davis@company.com,0772527263,CARD820,1,USER
RUB8,Ruby Smith,ruby.smith@company.com,0785984406,CARD821,2,USER
STE10,Stella Wilson,stella.wilson@company.com,0775398561,CARD822,3,USER
ELI13,Elizabeth Lewis,elizabeth.lewis@company.com,0726331600,CARD823,3,USER
JAC22,Jackson Green,jackson.green@company.com,0710750891,CARD824,0,USER
CAR22,Carter Wright,carter.wright@company.com,0734404475,CARD825,0,USER
AUR4,Aurora Collins,aurora.collins@company.com,0710998221,CARD826,3,USER
NOR10,Nora Edwards,nora.edwards@company.com,0718279078,CARD827,2,USER
HUN10,Hunter White,hunter.white@company.com,0716948965,CARD828,1,USER
SAM11,Samuel Stewart,samuel.stewart@company.com,0737077411,CARD829,2,USER
JER10,Jeremiah Hall,jeremiah.hall@company.com,0784781884,CARD830,2,USER
CHA24,Charles Collins,charles.collins@company.com,0747005026,CARD831,0,USER
CLA8,Claire Moore,claire.moore@company.com,0772729399,CARD832,1,USER
MIA5,Mia Parker,mia.parker@company.com,0743753082,CARD833,3,USER
ISA11,Isaac Lee,isaac.lee@company.com,0762865902,CARD834,3,USER
SOF5,Sofia Evans,sofia.evans@company.com,0720690156,CARD835,1,USER
ANN12,Anna Campbell,anna.campbell@company.com,0753871277,CARD836,0,USER
LUK8,Luke White,luke.white@company.com,0756796594,CARD837,2,USER
EMM8,Emma Martinez,emma.martinez@company.com,0718880505,CARD838,1,USER
ANN13,Anna Edwards,anna.edwards@company.com,0721048206,CARD839,2,USER
OLI14,Oliver Phillips,oliver.phillips@company.com,0758381555,CARD840,1,USER
AUR5,Aurora Lewis,aurora.lewis@company.com,0736756129,CARD841,1,USER
DAN10,Daniel Williams,daniel.williams@company.com,0730442772,CARD842,1,USER
GAB6,Gabriel Parker,gabriel.parker@company.com,0748392291,CARD843,2,USER
ANT5,Anthony Brown,anthony.brown@company.com,0767077197,CARD844,0,USER
HUN11,Hunter White,hunter.white@company.com,0765771442,CARD845,3,USER
ZOE8,Zoe Collins,zoe.collins@company.com,0773727572,CARD846,0,USER
MAT11,Matthew Carter,matthew.carter@company.com,0733381762,CARD847,2,USER
LUC21,Lucas Lewis,lucas.lewis@company.com,0775336853,CARD848,2,USER
MAD9,Madison Garcia,madison.garcia@company.com,0724534416,CARD849,0,USER
HAN9,Hannah Brown,hannah.brown@company.com,0784209305,CARD850,2,USER
OWE9,Owen Taylor,owen.taylor@company.com,0757589432,CARD851,0,USER
RUB9,Ruby Miller,ruby.miller@company.com,0798651507,CARD852,2,USER
MAT12,Matthew Stewart,matthew.stewart@company.com,0749230949,CARD853,1,USER
VIC9,Victoria Harris,victoria.harris@company.com,0751137834,CARD854,3,USER
CAM5,Camila Kelly,camila.kelly@company.com,0784732184,CARD855,1,USER
CHL11,Chloe Clark,chloe.clark@company.com,0731689105,CARD856,1,USER
HAZ2,Hazel Garcia,hazel.garcia@company.com,0720088035,CARD857,2,USER
OWE10,Owen Phillips,owen.phillips@company.com,0723024384,CARD858,0,USER
MAD10,Madison Mitchell,madison.mitchell@company.com,0733846954,CARD859,3,USER
GAB7,Gabriel Phillips,gabriel.phillips@company.com,0715977770,CARD860,2,USER
HEN8,Henry Allen,henry.allen@company.com,0770503990,CARD861,2,USER
ABI8,Abigail Lopez,abigail.lopez@company.com,0789609508,CARD862,3,USER
WIL8,Willow Jackson,willow.jackson@company.com,0756369857,CARD863,0,USER
JAC23,Jackson Jackson,jackson.jackson@company.com,0744521057,CARD864,2,USER
ARI7,Aria Davis,aria.davis@company.com,0748386901,CARD865,0,USER
SOP11,Sophia Brown,sophia.brown@company.com,0714315862,CARD866,0,USER
CHA25,Charlotte Hall,charlotte.hall@company.com,0765542140,CARD867,1,USER
WIL9,William Sanchez,william.sanchez@company.com,0780121563,CARD868,0,USER
IVY8,Ivy Miller,ivy.miller@company.com,0745286138,CARD869,2,USER
CHA26,Charlotte Johnson,charlotte.johnson@company.com,0743359434,CARD870,2,USER
JAM13,James Turner,james.turner@company.com,0791646174,CARD871,2,USER
JAY4,Jayden Roberts,jayden.roberts@company.com,0759356409,CARD872,1,USER
LIL9,Lily White,lily.white@company.com,0756645030,CARD873,2,USER
HAZ3,Hazel Jones,hazel.jones@company.com,0725062023,CARD874,0,USER
HEN9,Henry Kelly,henry.kelly@company.com,0779676920,CARD875,3,USER
LIL10,Lily Jones,lily.jones@company.com,0794574507,CARD876,0,USER
CHL12,Chloe Lee,chloe.lee@company.com,0740301740,CARD877,0,USER
LUC22,Lucas Lopez,lucas.lopez@company.com,0768559247,CARD878,2,USER
OWE11,Owen Taylor,owen.taylor@company.com,0750902300,CARD879,3,USER
SOF6,Sofia Nelson,sofia.nelson@company.com,0711589883,CARD880,0,USER
THO8,Thomas Davis,thomas.davis@company.com,0713841761,CARD881,2,USER
AAR7,Aaron Green,aaron.green@company.com,0716854302,CARD882,3,USER
CAR23,Carl Lee,carl.lee@company.com,0752788665,CARD883,3,USER
AVA11,Ava Evans,ava.evans@company.com,0760814296,CARD884,0,USER
CLA9,Claire Williams,claire.williams@company.com,0780437595,CARD885,0,USER
GRA25,Grayson Lopez,grayson.lopez@company.com,0789027007,CARD886,3,USER
AME6,Amelia Stewart,amelia.stewart@company.com,0782834102,CARD887,3,USER
NOR11,Nora Roberts,nora.roberts@company.com,0752357703,CARD888,1,USER
ISA12,Isabella Lopez,isabella.lopez@company.com,0762465688,CARD889,2,USER
ALI12,Alice Taylor,alice.taylor@company.com,0773437412,CARD890,2,USER
CAM6,Camila Carter,camila.carter@company.com,0762830852,CARD891,3,USER
RUB10,Ruby Rodriguez,ruby.rodriguez@company.com,0782050001,CARD892,2,USER
AUD8,Audrey Wilson,audrey.wilson@company.com,0734934070,CARD893,0,USER
HEN10,Henry Green,henry.green@company.com,0779427015,CARD894,0,USER
ELI14,Elizabeth Sanchez,elizabeth.sanchez@company.com,0761746911,CARD895,2,USER
ELL7,Ella Young,ella.young@company.com,0711905174,CARD896,0,USER
CHR13,Christian Thomas,christian.thomas@company.com,0762639063,CARD897,1,USER
EMM9,Emma Lee,emma.lee@company.com,0749338792,CARD898,1,USER
LAY12,Layla Young,layla.young@company.com,0755583165,CARD899,0,USER
WIL10,Willow Turner,willow.turner@company.com,0721454179,CARD900,3,USER
AAR8,Aaron King,aaron.king@company.com,0794867710,CARD901,1,USER
THO9,Thomas Scott,thomas.scott@company.com,0784677987,CARD902,1,USER
ANT6,Anthony Thomas,anthony.thomas@company.com,0774331283,CARD903,0,USER
CAL11,Caleb Nelson,caleb.nelson@company.com,0786972990,CARD904,2,USER
RYA5,Ryan Martin,ryan.martin@company.com,0766327543,CARD905,1,USER
LUC23,Lucy Jones,lucy.jones@company.com,0797422671,CARD906,2,USER
GRA26,Grayson Martinez,grayson.martinez@company.com,0778682512,CARD907,0,USER
NOR12,Nora Martinez,nora.martinez@company.com,0756783104,CARD908,2,USER
ALI13,Alice Scott,alice.scott@company.com,0794873682,CARD909,0,USER
AUD9,Audrey Jones,audrey.jones@company.com,0776060521,CARD910,3,USER
CAM7,Camila Scott,camila.scott@company.com,0737239339,CARD911,2,USER
GRA27,Grayson Hill,grayson.hill@company.com,0714595446,CARD912,3,USER
AVA12,Ava Scott,ava.scott@company.com,0743766142,CARD913,2,USER
HEN11,Henry Wright,henry.wright@company.com,0791571597,CARD914,3,USER
GRA28,Grayson Edwards,grayson.edwards@company.com,0714394859,CARD915,0,USER
JOS11,Joseph Lopez,joseph.lopez@company.com,0772552372,CARD916,1,USER
RIL4,Riley Sanchez,riley.sanchez@company.com,0726842998,CARD917,1,USER
ABI9,Abigail Phillips,abigail.phillips@company.com,0750360576,CARD918,2,USER
CAM8,Camila Scott,camila.scott@company.com,0716882369,CARD919,0,USER
SCA7,Scarlett Walker,scarlett.walker@company.com,0786744773,CARD920,3,USER
CAL12,Caleb Collins,caleb.collins@company.com,0725477595,CARD921,3,USER
MIC7,Michael Green,michael.green@company.com,0743717713,CARD922,2,USER
LUC24,Lucy Miller,lucy.miller@company.com,0798618438,CARD923,0,USER
LOG7,Logan Garcia,logan.garcia@company.com,0757338127,CARD924,2,USER
EVE12,Evelyn Parker,evelyn.parker@company.com,0788688535,CARD925,3,USER
GAB8,Gabriel Parker,gabriel.parker@company.com,0793141888,CARD926,2,USER
MIA6,Mia Walker,mia.walker@company.com,0769145633,CARD927,0,USER
DAN11,Daniel Anderson,daniel.anderson@company.com,0757920516,CARD928,0,USER
ELE7,Elena Adams,elena.adams@company.com,0789587850,CARD929,1,USER
ELI15,Elijah Rodriguez,elijah.rodriguez@company.com,0727927973,CARD930,1,USER
JAC24,Jacob Adams,jacob.adams@company.com,0745708692,CARD931,2,USER
JAC25,Jackson Walker,jackson.walker@company.com,0718017509,CARD932,3,USER
MAY7,Maya Martin,maya.martin@company.com,0748106412,CARD933,2,USER
JAC26,Jacob Martin,jacob.martin@company.com,0730701874,CARD934,1,USER
JAM14,James Harris,james.harris@company.com,0766969368,CARD935,1,USER
HEN12,Henry Lewis,henry.lewis@company.com,0775865933,CARD936,1,USER
ALI14,Alice Martinez,alice.martinez@company.com,0743434808,CARD937,3,USER
CAR24,Carl Phillips,carl.phillips@company.com,0794988303,CARD938,0,USER
AND7,Andrew Perez,andrew.perez@company.com,0793827816,CARD939,1,USER
JAM15,James Lee,james.lee@company.com,0785028641,CARD940,2,USER
GRA29,Grace Baker,grace.baker@company.com,0777215313,CARD941,1,USER
HUN12,Hunter Baker,hunter.baker@company.com,0761694993,CARD942,1,USER
ELL8,Ella Thomas,ella.thomas@company.com,0727588523,CARD943,3,USER
AID5,Aiden Allen,aiden.allen@company.com,0759665137,CARD944,0,USER
MAS6,Mason Davis,mason.davis@company.com,0717731873,CARD945,3,USER
CHR14,Christian White,christian.white@company.com,0787103209,CARD946,1,USER
MAY8,Maya Jackson,maya.jackson@company.com,0729135723,CARD947,0,USER
ZOE9,Zoe Hernandez,zoe.hernandez@company.com,0760213210,CARD948,0,USER
MAS7,Mason Roberts,mason.roberts@company.com,0725543048,CARD949,3,USER
SKY12,Skylar Young,skylar.young@company.com,0779572605,CARD950,2,USER
EMI9,Emily Edwards,emily.edwards@company.com,0749285764,CARD951,0,USER
ARI8,Aria Adams,aria.adams@company.com,0735465773,CARD952,0,USER
SOF7,Sofia Martinez,sofia.martinez@company.com,0726751877,CARD953,2,USER
SCA8,Scarlett Allen,scarlett.allen@company.com,0783708156,CARD954,3,USER
CHL13,Chloe Campbell,chloe.campbell@company.com,0792805698,CARD955,1,USER
HAR7,Harper Smith,harper.smith@company.com,0771630176,CARD956,1,USER
PEN7,Penelope Scott,penelope.scott@company.com,0765545730,CARD957,3,USER
GRA30,Grayson Turner,grayson.turner@company.com,0717457525,CARD958,2,USER
ABI10,Abigail Wright,abigail.wright@company.com,0759445809,CARD959,2,USER
JAC27,Jackson Parker,jackson.parker@company.com,0789736924,CARD960,2,USER
HAR8,Harper Smith,harper.smith@company.com,0791882833,CARD961,1,USER
CAR25,Carter Taylor,carter.taylor@company.com,0766864965,CARD962,2,USER
MIA7,Mia Parker,mia.parker@company.com,0748428265,CARD963,3,USER
AUD10,Audrey Garcia,audrey.garcia@company.com,0783335433,CARD964,2,USER
BEN10,Benjamin Lopez,benjamin.lopez@company.com,0710405365,CARD965,2,USER
SKY13,Skylar Young,skylar.young@company.com,0782569510,CARD966,1,USER
HAZ4,Hazel Mitchell,hazel.mitchell@company.com,0767443858,CARD967,0,USER
VIO8,Violet Perez,violet.perez@company.com,0730604454,CARD968,0,USER
DAN12,Daniel Edwards,daniel.edwards@company.com,0750253432,CARD969,3,USER
CAR26,Carl Hill,carl.hill@company.com,0741978868,CARD970,3,USER
LEV7,Levi Harris,levi.harris@company.com,0710633438,CARD971,2,USER
SOF8,Sofia Wright,sofia.wright@company.com,0772747794,CARD972,2,USER
PEN8,Penelope Walker,penelope.walker@company.com,0728971603,CARD973,3,USER
JAC28,Jack Davis,jack.davis@company.com,0763722045,CARD974,1,USER
HAZ5,Hazel Wright,hazel.wright@company.com,0778224589,CARD975,3,USER
GRA31,Grayson Roberts,grayson.roberts@company.com,0731054359,CARD976,0,USER
AID6,Aiden Martin,aiden.martin@company.com,0789739525,CARD977,2,USER
NAO9,Naomi Anderson,naomi.anderson@company.com,0751292035,CARD978,2,USER
NAO10,Naomi Clark,naomi.clark@company.com,0763127536,CARD979,1,USER
NAO11,Naomi Kelly,naomi.kelly@company.com,0743930384,CARD980,1,USER
VIO9,Violet Hill,violet.hill@company.com,0740111023,CARD981,1,USER
MIA8,Mia Hill,mia.hill@company.com,0730289078,CARD982,0,USER
JUL5,Julian Harris,julian.harris@company.com,0786481503,CARD983,2,USER
LAY13,Layla Adams,layla.adams@company.com,0798927004,CARD984,1,USER
AUD11,Audrey Smith,audrey.smith@company.com,0791415024,CARD985,2,USER
CHL14,Chloe Wright,chloe.wright@company.com,0792185874,CARD986,3,USER
GRA32,Grace Edwards,grace.edwards@company.com,0753668665,CARD987,1,USER
CAR27,Carter Phillips,carter.phillips@company.com,0786729746,CARD988,3,USER
HEN13,Henry Lewis,henry.lewis@company.com,0755323366,CARD989,3,USER
AME7,Amelia Kelly,amelia.kelly@company.com,0790602669,CARD990,3,USER
WIL11,William Hernandez,william.hernandez@company.com,0736419305,CARD991,0,USER
CHA27,Charles Hall,charles.hall@company.com,0746119664,CARD992,0,USER
CLA10,Claire Wright,claire.wright@company.com,0751089554,CARD993,0,USER
AID7,Aiden Harris,aiden.harris@company.com,0745958015,CARD994,1,USER
AME8,Amelia Smith,amelia.smith@company.com,0728902361,CARD995,1,USER
MIA9,Mia Scott,mia.scott@company.com,0737805267,CARD996,2,USER
ALI15,Alice Baker,alice.baker@company.com,0741511504,CARD997,3,USER
SOP12,Sophia Roberts,sophia.roberts@company.com,0746158977,CARD998,0,USER
AUD12,Audrey Davis,audrey.davis@company.com,0761251733,CARD999,0,USER
JAC29,Jackson Walker,jackson.walker@company.com,0770545053,CARD1000,1,USER
